customerID,gender,,Partner,Dependents,tenure,PhoneService,MultipleLines,InternetService,OnlineSecurity,OnlineBackup,DeviceProtection,TechSupport,StreamingTV,StreamingMovies,Contract,PaperlessBilling,PaymentMethod,MonthlyCharges,TotalCharges,Churn
8779-QRDMV,Male,1,No,No,1,No,No phone service,DSL,No,No,Yes,No,No,Yes,Month-to-month,Yes,Electronic check,39.65,39.65,Yes
3841-NFECX,Female,1,Yes,No,71,Yes,Yes,Fiber optic,Yes,Yes,Yes,Yes,No,No,Two year,Yes,Credit card (automatic),96.35,6766.95,No
4929-XIHVW,Male,1,Yes,No,2,Yes,No,Fiber optic,No,No,Yes,No,Yes,Yes,Month-to-month,Yes,Credit card (automatic),95.5,181.65,No
3413-BMNZE,Male,1,No,No,1,Yes,No,DSL,No,No,No,No,No,No,Month-to-month,No,Bank transfer (automatic),45.25,45.25,No
8012-SOUDQ,Female,1,No,No,43,Yes,Yes,Fiber optic,No,Yes,No,No,Yes,No,Month-to-month,Yes,Electronic check,90.25,3838.75,No
6575-SUVOI,Female,1,Yes,No,25,Yes,Yes,DSL,Yes,No,No,Yes,Yes,No,Month-to-month,Yes,Credit card (automatic),69.5,1752.65,No
7495-OOKFY,Female,1,Yes,No,8,Yes,Yes,Fiber optic,No,Yes,No,No,No,No,Month-to-month,Yes,Credit card (automatic),80.65,633.3,Yes
4667-QONEA,Female,1,Yes,Yes,60,Yes,No,DSL,Yes,Yes,Yes,Yes,No,Yes,One year,Yes,Credit card (automatic),74.85,4456.35,No
1658-BYGOY,Male,1,No,No,18,Yes,Yes,Fiber optic,No,No,No,No,Yes,Yes,Month-to-month,Yes,Electronic check,95.45,1752.55,Yes
5067-XJQFU,Male,1,Yes,Yes,66,Yes,Yes,Fiber optic,No,Yes,Yes,Yes,Yes,Yes,One year,Yes,Electronic check,108.45,7076.35,No
1891-QRQSA,Male,1,Yes,Yes,64,Yes,Yes,Fiber optic,Yes,No,Yes,Yes,Yes,Yes,Two year,Yes,Bank transfer (automatic),111.6,7099,No
2673-CXQEU,Female,1,No,No,56,Yes,Yes,Fiber optic,Yes,Yes,Yes,No,Yes,Yes,One year,No,Electronic check,110.5,6139.5,No
0191-ZHSKZ,Male,1,No,No,30,Yes,No,DSL,Yes,Yes,No,No,Yes,Yes,Month-to-month,Yes,Electronic check,74.75,2111.3,No
2424-WVHPL,Male,1,No,No,1,Yes,No,Fiber optic,No,No,No,Yes,No,No,Month-to-month,No,Electronic check,74.7,74.7,No
4598-XLKNJ,Female,1,Yes,No,25,Yes,No,Fiber optic,No,Yes,Yes,No,Yes,Yes,Month-to-month,Yes,Electronic check,98.5,2514.5,Yes
5386-THSLQ,Female,1,Yes,No,66,No,No phone service,DSL,No,Yes,Yes,No,Yes,No,One year,No,Bank transfer (automatic),45.55,3027.25,No
4846-WHAFZ,Female,1,Yes,No,37,Yes,Yes,Fiber optic,No,No,No,No,No,No,Month-to-month,Yes,Electronic check,76.5,2868.15,Yes
4412-YLTKF,Female,1,No,No,27,Yes,Yes,Fiber optic,No,No,Yes,No,No,No,Month-to-month,Yes,Electronic check,78.05,2135.5,Yes
2639-UGMAZ,Male,1,No,No,71,No,No phone service,DSL,Yes,Yes,No,No,Yes,Yes,One year,Yes,Electronic check,56.45,3985.35,No
0390-DCFDQ,Female,1,Yes,No,1,Yes,No,Fiber optic,No,No,No,No,No,No,Month-to-month,Yes,Mailed check,70.45,70.45,Yes
3146-MSEGF,Female,1,Yes,Yes,72,Yes,Yes,DSL,Yes,Yes,Yes,Yes,Yes,Yes,Two year,Yes,Credit card (automatic),88.05,6425.65,No
1131-QQZEB,Male,1,Yes,No,71,Yes,Yes,No,No internet service,No internet service,No internet service,No internet service,No internet service,No internet service,Two year,No,Bank transfer (automatic),23.95,1756.2,No
3445-HXXGF,Male,1,Yes,No,58,No,No phone service,DSL,No,Yes,Yes,No,No,Yes,Month-to-month,Yes,Electronic check,45.3,2651.2,Yes
2656-FMOKZ,Female,1,No,No,15,Yes,Yes,Fiber optic,No,No,No,No,No,No,Month-to-month,Yes,Mailed check,74.45,1145.7,Yes
2070-FNEXE,Female,1,No,No,7,Yes,No,Fiber optic,Yes,No,No,No,No,No,Month-to-month,No,Bank transfer (automatic),76.45,503.6,Yes
2504-DSHIH,Male,1,Yes,No,23,Yes,Yes,Fiber optic,No,No,No,No,No,Yes,Month-to-month,No,Electronic check,86.8,1975.85,No
0094-OIFMO,Female,1,No,No,11,Yes,No,Fiber optic,No,Yes,No,No,Yes,Yes,Month-to-month,Yes,Electronic check,95,1120.3,Yes
9058-HRZSV,Female,1,Yes,No,65,Yes,No,Fiber optic,Yes,Yes,Yes,No,No,Yes,Month-to-month,No,Electronic check,94.4,6126.15,No
4522-AKYLR,Female,1,No,No,13,Yes,No,DSL,No,Yes,Yes,No,No,No,Month-to-month,Yes,Electronic check,54.8,731.3,No
0221-WMXNQ,Male,1,No,No,4,Yes,No,Fiber optic,Yes,No,No,No,No,No,Month-to-month,No,Electronic check,75.35,273.4,No
9947-OTFQU,Male,1,No,No,15,Yes,No,Fiber optic,No,Yes,No,No,No,No,Month-to-month,Yes,Electronic check,74.4,1074.3,Yes
9514-JDSKI,Male,1,Yes,No,1,No,No phone service,DSL,No,Yes,No,No,Yes,No,Month-to-month,No,Electronic check,40.2,40.2,Yes
5046-NUHWD,Female,1,Yes,No,29,No,No phone service,DSL,Yes,No,Yes,No,No,Yes,Month-to-month,Yes,Electronic check,45,1228.65,No
7273-TEFQD,Male,1,No,No,3,No,No phone service,DSL,No,No,Yes,No,No,Yes,Month-to-month,Yes,Electronic check,41.15,132.2,Yes
3606-TWKGI,Male,1,No,No,13,Yes,Yes,Fiber optic,No,Yes,Yes,No,Yes,Yes,Month-to-month,Yes,Electronic check,106.9,1364.3,Yes
7529-ZDFXI,Male,1,Yes,No,57,Yes,Yes,Fiber optic,No,Yes,No,No,No,Yes,Month-to-month,Yes,Electronic check,89.85,4925.35,No
3197-ARFOY,Female,1,No,No,19,Yes,No,Fiber optic,Yes,Yes,No,Yes,Yes,Yes,Month-to-month,Yes,Mailed check,105,2007.25,No
4385-GZQXV,Female,1,No,No,16,Yes,No,Fiber optic,No,No,No,Yes,Yes,Yes,Month-to-month,Yes,Electronic check,94.45,1511.2,Yes
4716-HHKQH,Male,1,Yes,No,20,Yes,Yes,Fiber optic,No,Yes,No,Yes,Yes,Yes,Month-to-month,No,Electronic check,107.05,2172.05,No
3179-GBRWV,Male,1,Yes,No,21,Yes,No,DSL,Yes,Yes,No,No,No,Yes,Month-to-month,Yes,Bank transfer (automatic),64.95,1339.8,No
3488-PGMQJ,Male,1,No,No,8,Yes,No,Fiber optic,No,Yes,No,No,No,No,Month-to-month,Yes,Electronic check,74.5,606.55,Yes
7534-BFESC,Male,1,No,No,24,Yes,Yes,Fiber optic,No,No,No,No,No,No,Month-to-month,Yes,Electronic check,76.1,1712.7,Yes
4847-TAJYI,Female,1,No,No,6,Yes,No,Fiber optic,No,No,No,No,Yes,Yes,Month-to-month,Yes,Electronic check,89.35,567.8,No
6851-WEFYX,Male,1,Yes,No,35,Yes,Yes,Fiber optic,No,No,Yes,No,Yes,Yes,Month-to-month,Yes,Electronic check,100.8,3437.5,No
8098-LLAZX,Female,1,No,No,4,Yes,Yes,Fiber optic,No,No,No,No,Yes,Yes,Month-to-month,Yes,Electronic check,95.45,396.1,Yes
0265-EDXBD,Male,1,Yes,No,32,Yes,Yes,Fiber optic,No,No,No,No,No,No,Month-to-month,Yes,Electronic check,74.9,2303.35,Yes
3167-SNQPL,Male,1,Yes,Yes,38,Yes,Yes,Fiber optic,No,Yes,No,No,Yes,Yes,Month-to-month,No,Electronic check,101.15,3741.85,No
2799-ARNLO,Female,1,Yes,No,5,Yes,No,Fiber optic,No,No,No,No,No,No,Month-to-month,Yes,Electronic check,69.35,341.6,No
2840-XANRC,Male,1,Yes,No,24,Yes,No,Fiber optic,No,No,Yes,No,Yes,Yes,Month-to-month,Yes,Electronic check,93.15,2231.05,Yes
5020-ZSTTY,Female,1,No,No,54,Yes,Yes,DSL,Yes,Yes,No,Yes,Yes,Yes,One year,No,Bank transfer (automatic),82.45,4350.1,Yes
5701-YVSVF,Female,1,Yes,No,11,Yes,No,Fiber optic,No,No,No,Yes,Yes,No,Month-to-month,Yes,Electronic check,82.9,880.05,No
5804-LEPIM,Female,1,No,No,2,Yes,No,Fiber optic,No,No,No,No,No,No,Month-to-month,Yes,Electronic check,70.35,139.05,Yes
5697-GOMBF,Female,1,Yes,Yes,28,No,No phone service,DSL,No,No,No,No,Yes,No,Month-to-month,Yes,Electronic check,35.9,973.65,No
2739-CACDQ,Female,1,No,No,17,Yes,Yes,Fiber optic,No,No,Yes,No,No,No,Month-to-month,Yes,Credit card (automatic),82.65,1470.05,No
6035-BXTTY,Female,1,No,No,32,Yes,No,DSL,No,Yes,No,Yes,No,No,Month-to-month,No,Bank transfer (automatic),54.65,1830.1,No
0021-IKXGC,Female,1,No,No,1,Yes,Yes,Fiber optic,No,No,No,No,No,No,Month-to-month,Yes,Electronic check,72.1,72.1,No
4654-DLAMQ,Female,1,Yes,No,64,Yes,No,Fiber optic,Yes,Yes,Yes,No,No,Yes,One year,No,Bank transfer (automatic),97,6430.9,No
4115-NZRKS,Female,1,No,No,7,Yes,No,Fiber optic,No,No,No,No,Yes,Yes,Month-to-month,Yes,Electronic check,89.15,574.35,No
0623-IIHUG,Female,1,No,No,21,No,No phone service,DSL,Yes,No,No,No,Yes,No,Month-to-month,Yes,Electronic check,41.9,840.1,Yes
3351-NGXYI,Female,1,No,No,16,Yes,Yes,DSL,Yes,No,No,No,No,No,Month-to-month,Yes,Electronic check,54.1,889,No
9057-MSWCO,Male,1,Yes,No,27,No,No phone service,DSL,Yes,No,No,No,No,No,Month-to-month,No,Credit card (automatic),30.75,805.1,Yes
8204-YJCLA,Male,1,Yes,Yes,72,No,No phone service,DSL,Yes,Yes,Yes,Yes,Yes,Yes,Two year,Yes,Bank transfer (automatic),64.8,4732.35,No
4895-TMWIR,Male,1,Yes,No,11,Yes,No,No,No internet service,No internet service,No internet service,No internet service,No internet service,No internet service,Month-to-month,No,Mailed check,19.95,214.75,Yes
0533-BNWKF,Female,1,Yes,No,55,Yes,Yes,Fiber optic,No,Yes,Yes,No,No,No,Month-to-month,Yes,Electronic check,85.45,4874.7,Yes
9774-NRNAU,Male,1,Yes,No,27,Yes,Yes,DSL,No,Yes,Yes,Yes,Yes,Yes,Month-to-month,Yes,Bank transfer (automatic),84.8,2309.55,No
0224-RLWWD,Female,1,No,No,2,Yes,No,DSL,No,No,No,No,No,No,Month-to-month,Yes,Electronic check,44.3,89.3,No
3951-NJCVI,Female,1,Yes,No,42,Yes,Yes,Fiber optic,No,No,No,No,Yes,Yes,Month-to-month,Yes,Electronic check,95.05,3944.5,No
0177-PXBAT,Male,1,Yes,No,33,Yes,Yes,Fiber optic,Yes,No,Yes,Yes,Yes,Yes,Month-to-month,Yes,Bank transfer (automatic),109.9,3694.7,No
2519-ERQOJ,Male,1,No,No,33,No,No phone service,DSL,No,No,Yes,Yes,Yes,Yes,Month-to-month,Yes,Electronic check,54.6,1803.7,No
0111-KLBQG,Male,1,Yes,Yes,32,Yes,No,Fiber optic,No,Yes,No,No,Yes,Yes,Month-to-month,Yes,Mailed check,93.95,2861.45,No
0334-GDDSO,Male,1,No,No,3,Yes,Yes,Fiber optic,No,Yes,No,No,No,No,Month-to-month,Yes,Electronic check,81.35,233.7,Yes
1996-DBMUS,Female,1,Yes,No,48,Yes,No,Fiber optic,No,No,No,No,No,No,Month-to-month,Yes,Bank transfer (automatic),70.65,3545.05,No
5564-NEMQO,Female,1,No,No,1,Yes,No,Fiber optic,No,No,Yes,No,No,No,Month-to-month,Yes,Bank transfer (automatic),75.3,75.3,Yes
2055-SIFSS,Female,1,Yes,No,55,Yes,Yes,DSL,No,No,No,No,No,No,Month-to-month,No,Bank transfer (automatic),51.65,2838.55,No
2806-MLNTI,Male,1,Yes,No,52,Yes,Yes,Fiber optic,No,Yes,Yes,No,Yes,Yes,One year,Yes,Bank transfer (automatic),105.1,5376.4,No
5628-RKIFK,Female,1,No,No,49,Yes,Yes,Fiber optic,Yes,No,No,No,Yes,Yes,Month-to-month,No,Credit card (automatic),101.55,5070.4,No
5760-WRAHC,Female,1,No,No,22,Yes,No,DSL,Yes,No,Yes,Yes,No,Yes,Month-to-month,Yes,Mailed check,69.75,1545.4,No
1480-BKXGA,Male,1,Yes,No,72,Yes,Yes,Fiber optic,Yes,Yes,Yes,Yes,Yes,Yes,Two year,Yes,Bank transfer (automatic),116.05,8404.9,No
9076-AXYIK,Male,1,Yes,No,64,Yes,Yes,Fiber optic,No,No,Yes,Yes,Yes,Yes,Two year,No,Electronic check,102.1,6538.45,No
4933-IKULF,Female,1,No,No,17,Yes,No,No,No internet service,No internet service,No internet service,No internet service,No internet service,No internet service,One year,No,Mailed check,20.65,330.6,No
3780-DDGSE,Male,1,Yes,Yes,35,Yes,No,DSL,No,Yes,No,Yes,Yes,Yes,Month-to-month,Yes,Electronic check,76.05,2747.2,No
4612-SSVHJ,Female,1,No,No,20,Yes,No,Fiber optic,No,No,No,No,No,Yes,Month-to-month,Yes,Electronic check,81.45,1671.6,No
5756-OZRIO,Male,1,Yes,No,61,Yes,Yes,DSL,No,Yes,No,No,No,Yes,One year,No,Bank transfer (automatic),64.05,3902.6,No
6235-VDHOM,Female,1,No,No,5,No,No phone service,DSL,No,Yes,No,No,No,No,Month-to-month,No,Electronic check,28.45,131.05,Yes
4513-CXYIX,Female,1,Yes,No,71,Yes,Yes,Fiber optic,Yes,No,No,No,No,No,Two year,Yes,Credit card (automatic),80.7,5676,No
5609-CEBID,Female,1,No,No,20,Yes,Yes,Fiber optic,No,Yes,Yes,No,No,Yes,Month-to-month,Yes,Electronic check,94.1,1782.4,Yes
4332-MUOEZ,Male,1,Yes,Yes,20,Yes,No,Fiber optic,Yes,No,Yes,Yes,No,Yes,One year,No,Credit card (automatic),94.3,1818.3,No
5956-VKDTT,Female,1,Yes,No,5,Yes,Yes,Fiber optic,No,No,No,No,No,No,Month-to-month,Yes,Electronic check,74.35,334.8,Yes
6705-LXORM,Female,1,Yes,No,5,Yes,No,Fiber optic,No,No,No,No,No,No,Month-to-month,No,Electronic check,70.05,302.6,No
0257-ZESQC,Female,1,Yes,No,27,Yes,No,Fiber optic,Yes,No,No,No,No,No,Month-to-month,Yes,Bank transfer (automatic),75.2,1929.35,Yes
4109-CYRBD,Male,1,Yes,No,29,Yes,Yes,DSL,No,No,No,No,No,No,Month-to-month,Yes,Electronic check,51.6,1442,No
8606-CIQUL,Male,1,Yes,Yes,72,Yes,Yes,Fiber optic,Yes,Yes,Yes,Yes,Yes,Yes,Two year,Yes,Credit card (automatic),115.75,8399.15,No
0356-OBMAC,Female,1,No,No,56,Yes,Yes,Fiber optic,No,Yes,Yes,Yes,Yes,No,Two year,Yes,Bank transfer (automatic),99.9,5706.3,No
1297-VQDRP,Male,1,Yes,Yes,68,Yes,Yes,Fiber optic,No,No,Yes,Yes,Yes,Yes,One year,Yes,Credit card (automatic),107.15,7379.8,No
4676-MQUEA,Male,1,Yes,No,50,Yes,Yes,Fiber optic,Yes,Yes,Yes,No,Yes,No,One year,Yes,Bank transfer (automatic),101.9,5265.5,No
7025-WCBNE,Male,1,No,No,47,Yes,Yes,DSL,No,Yes,No,Yes,No,No,Two year,No,Bank transfer (automatic),59.6,2754,No
6030-REHUX,Female,1,Yes,No,28,Yes,Yes,Fiber optic,No,Yes,Yes,Yes,Yes,Yes,Month-to-month,Yes,Electronic check,110.85,3204.4,No
6522-YRBXD,Male,1,Yes,No,35,Yes,Yes,Fiber optic,Yes,Yes,No,No,No,Yes,Month-to-month,Yes,Electronic check,94.55,3365.4,No
2865-TCHJW,Female,1,No,No,4,Yes,Yes,Fiber optic,No,No,Yes,No,Yes,No,Month-to-month,Yes,Electronic check,89.2,346.2,Yes
5192-EBGOV,Female,1,No,No,1,Yes,Yes,Fiber optic,No,No,No,No,Yes,No,Month-to-month,Yes,Electronic check,85.7,85.7,Yes
3419-SNJJD,Female,1,Yes,No,65,Yes,Yes,Fiber optic,Yes,No,Yes,No,Yes,Yes,Month-to-month,No,Bank transfer (automatic),105.25,6786.4,Yes
6689-VRRTK,Female,1,No,No,44,Yes,Yes,Fiber optic,Yes,Yes,Yes,No,Yes,Yes,One year,Yes,Credit card (automatic),109.8,4860.35,No
7134-MJPDY,Female,1,No,No,66,Yes,Yes,Fiber optic,No,No,Yes,Yes,Yes,Yes,One year,Yes,Credit card (automatic),102.85,6976.75,No
4881-JVQOD,Male,1,Yes,Yes,10,No,No phone service,DSL,No,No,No,No,No,Yes,Month-to-month,Yes,Bank transfer (automatic),34.55,362.6,No
6797-UCJHZ,Female,1,Yes,No,66,Yes,Yes,Fiber optic,No,Yes,Yes,No,Yes,Yes,One year,No,Credit card (automatic),104.6,6819.45,No
2469-DTSGX,Female,1,No,No,72,Yes,Yes,Fiber optic,No,Yes,Yes,Yes,Yes,Yes,Two year,No,Electronic check,111.65,7943.45,No
4554-YGZIH,Male,1,Yes,No,49,Yes,Yes,Fiber optic,No,Yes,No,No,No,Yes,Month-to-month,No,Credit card (automatic),90.05,4547.25,Yes
5099-BAILX,Male,1,Yes,Yes,43,Yes,Yes,Fiber optic,No,Yes,Yes,Yes,Yes,Yes,Month-to-month,Yes,Bank transfer (automatic),110.75,4687.9,Yes
4913-EHYUI,Male,1,Yes,Yes,56,Yes,Yes,Fiber optic,Yes,No,Yes,No,Yes,Yes,One year,Yes,Bank transfer (automatic),104.55,5794.65,Yes
4908-XAXAY,Female,1,No,No,49,Yes,No,Fiber optic,No,Yes,Yes,No,No,Yes,One year,Yes,Bank transfer (automatic),89.85,4287.2,No
1626-ERCMM,Male,1,Yes,No,20,Yes,Yes,Fiber optic,No,No,No,No,Yes,Yes,Month-to-month,Yes,Electronic check,94.55,1899.65,Yes
5644-PDMZC,Female,1,No,No,2,Yes,Yes,Fiber optic,No,Yes,No,No,No,Yes,Month-to-month,No,Electronic check,89.5,161.5,Yes
3509-GWQGF,Male,1,No,No,24,Yes,No,Fiber optic,No,No,No,No,No,No,Month-to-month,No,Credit card (automatic),70,1732.6,No
4160-AMJTL,Female,1,No,No,8,Yes,No,No,No internet service,No internet service,No internet service,No internet service,No internet service,No internet service,Month-to-month,No,Electronic check,19.65,164.3,Yes
0823-HSCDJ,Male,1,No,No,52,No,No phone service,DSL,No,Yes,No,No,Yes,Yes,Month-to-month,Yes,Electronic check,49.15,2550.9,Yes
3729-OWRVL,Male,1,No,No,65,Yes,Yes,Fiber optic,Yes,No,Yes,Yes,Yes,Yes,Two year,Yes,Electronic check,110.35,7246.15,No
7251-LJBQN,Female,1,No,No,40,Yes,Yes,Fiber optic,No,No,Yes,Yes,Yes,Yes,One year,Yes,Credit card (automatic),103.75,4188.4,No
0067-DKWBL,Male,1,No,No,2,Yes,No,DSL,Yes,No,No,No,No,No,Month-to-month,Yes,Electronic check,49.25,91.1,Yes
2682-KEVRP,Female,1,No,No,22,Yes,No,No,No internet service,No internet service,No internet service,No internet service,No internet service,No internet service,One year,Yes,Mailed check,20.05,417,No
9978-HYCIN,Male,1,Yes,Yes,47,Yes,No,Fiber optic,No,Yes,No,No,Yes,No,One year,Yes,Bank transfer (automatic),84.95,4018.05,No
8329-UTMVM,Male,1,No,No,27,Yes,Yes,Fiber optic,No,Yes,No,Yes,Yes,Yes,One year,Yes,Bank transfer (automatic),104.65,2964,No
6952-OMNWB,Male,1,Yes,No,68,Yes,Yes,Fiber optic,No,No,Yes,No,No,No,Month-to-month,Yes,Credit card (automatic),80.35,5589.3,No
5244-IRFIH,Male,1,Yes,No,33,Yes,Yes,Fiber optic,No,No,No,No,Yes,Yes,Month-to-month,Yes,Electronic check,94.5,3105.55,Yes
6549-YMFAW,Male,1,Yes,No,9,Yes,No,No,No internet service,No internet service,No internet service,No internet service,No internet service,No internet service,Month-to-month,Yes,Mailed check,21.25,204.55,No
2684-EIWEO,Female,1,No,No,30,Yes,Yes,Fiber optic,Yes,Yes,Yes,No,No,No,Month-to-month,No,Credit card (automatic),91.7,2758.15,Yes
1307-TVUFB,Male,1,No,No,42,Yes,Yes,Fiber optic,No,Yes,No,No,No,No,Month-to-month,Yes,Bank transfer (automatic),79.35,3344.1,No
7503-MIOGA,Female,1,Yes,No,72,Yes,Yes,DSL,Yes,Yes,Yes,Yes,Yes,Yes,Two year,Yes,Bank transfer (automatic),89.85,6697.35,No
2499-AJYUA,Female,1,Yes,No,72,Yes,Yes,Fiber optic,No,Yes,Yes,Yes,Yes,Yes,Two year,Yes,Credit card (automatic),110.8,7882.25,No
6919-ELBGL,Male,1,Yes,Yes,72,Yes,Yes,Fiber optic,Yes,Yes,Yes,Yes,Yes,Yes,Two year,Yes,Bank transfer (automatic),114.95,8196.4,No
3966-HRMZA,Female,1,No,No,3,Yes,No,Fiber optic,No,No,Yes,No,No,No,Month-to-month,No,Mailed check,75.05,202.9,No
6683-VLCTZ,Male,1,No,No,20,Yes,Yes,Fiber optic,No,No,Yes,No,Yes,Yes,Month-to-month,Yes,Electronic check,98.55,1842.8,Yes
0691-IFBQW,Female,1,No,No,46,Yes,Yes,Fiber optic,Yes,Yes,Yes,No,Yes,Yes,One year,Yes,Electronic check,110,4874.8,Yes
5671-RQRLP,Female,1,Yes,No,70,Yes,Yes,Fiber optic,No,No,No,No,No,No,Two year,Yes,Credit card (automatic),75.65,5411.4,No
4785-NKHCX,Male,1,No,No,5,Yes,No,No,No internet service,No internet service,No internet service,No internet service,No internet service,No internet service,Month-to-month,No,Bank transfer (automatic),20.05,94.15,No
3643-AHCFP,Male,1,Yes,No,7,Yes,Yes,Fiber optic,No,No,No,No,Yes,Yes,Month-to-month,Yes,Bank transfer (automatic),95.6,644.35,Yes
9231-ZJYAM,Female,1,No,No,4,Yes,No,Fiber optic,No,No,No,No,Yes,No,Month-to-month,Yes,Electronic check,78.85,292.8,Yes
4250-WAROZ,Male,1,Yes,Yes,60,Yes,Yes,Fiber optic,Yes,Yes,No,No,No,Yes,Month-to-month,Yes,Electronic check,93.25,5774.55,No
0727-BMPLR,Female,1,No,No,55,Yes,Yes,Fiber optic,No,No,Yes,No,Yes,Yes,One year,Yes,Electronic check,100,5509.3,Yes
0947-MUGVO,Male,1,Yes,No,20,Yes,No,Fiber optic,No,Yes,No,No,No,No,Month-to-month,Yes,Electronic check,73.65,1463.5,Yes
3523-BRGUW,Male,1,No,No,26,Yes,No,No,No internet service,No internet service,No internet service,No internet service,No internet service,No internet service,One year,No,Credit card (automatic),19.3,504.2,No
2123-AGEEN,Female,1,No,No,7,Yes,No,Fiber optic,No,No,Yes,No,Yes,No,Month-to-month,Yes,Electronic check,84.35,609.65,No
1258-YMZNM,Female,1,No,No,27,Yes,Yes,Fiber optic,Yes,Yes,Yes,No,Yes,Yes,One year,Yes,Bank transfer (automatic),110.5,2857.6,No
6259-WJQLC,Male,1,No,No,32,Yes,Yes,Fiber optic,No,No,Yes,No,No,No,Month-to-month,Yes,Credit card (automatic),81.1,2619.25,No
0781-LKXBR,Male,1,No,No,9,Yes,Yes,Fiber optic,No,No,Yes,No,Yes,Yes,Month-to-month,Yes,Electronic check,100.5,918.6,Yes
1907-UBQFC,Male,1,No,No,10,Yes,No,Fiber optic,No,Yes,No,No,No,No,Month-to-month,Yes,Electronic check,72.85,688.65,Yes
7508-SMHXL,Female,1,No,No,15,Yes,Yes,Fiber optic,No,Yes,No,No,Yes,No,Month-to-month,No,Credit card (automatic),89,1288.3,No
6513-EECDB,Male,1,Yes,No,1,Yes,Yes,Fiber optic,No,No,No,No,No,No,Month-to-month,Yes,Electronic check,73.55,73.55,Yes
3956-CJUST,Female,1,No,No,23,Yes,No,Fiber optic,Yes,No,No,No,No,No,Month-to-month,Yes,Bank transfer (automatic),75.4,1643.55,No
4824-GUCBY,Female,1,No,No,22,Yes,No,Fiber optic,Yes,Yes,No,No,No,No,Month-to-month,No,Electronic check,81.7,1820.9,No
7074-IEVOJ,Female,1,No,No,3,Yes,Yes,Fiber optic,No,Yes,No,No,No,No,Month-to-month,Yes,Electronic check,79.4,205.05,Yes
4750-ZRXIU,Female,1,No,No,4,Yes,Yes,Fiber optic,No,No,No,No,No,Yes,Month-to-month,Yes,Electronic check,84.6,360.1,Yes
6630-UJZMY,Female,1,Yes,No,4,Yes,Yes,Fiber optic,No,No,No,No,Yes,No,Month-to-month,Yes,Electronic check,83.25,308.05,No
9904-EHEVJ,Female,1,Yes,Yes,32,Yes,Yes,Fiber optic,No,No,Yes,No,Yes,No,Month-to-month,Yes,Mailed check,91.35,2896.55,No
7028-DVOIQ,Male,1,No,No,35,Yes,Yes,Fiber optic,No,No,Yes,No,Yes,Yes,Month-to-month,Yes,Electronic check,99.05,3395.8,Yes
4208-UFFGW,Male,1,No,No,2,Yes,No,DSL,No,No,No,No,No,No,Month-to-month,No,Mailed check,44.95,85.15,Yes
2826-DXLQO,Male,1,Yes,No,7,No,No phone service,DSL,Yes,No,No,No,No,No,Month-to-month,No,Bank transfer (automatic),29.8,220.45,No
9489-UTFKA,Male,1,Yes,No,8,Yes,No,DSL,Yes,No,No,No,Yes,No,Month-to-month,No,Bank transfer (automatic),60.9,551.95,No
4849-PYRLQ,Female,1,No,No,56,Yes,Yes,DSL,Yes,No,Yes,Yes,No,Yes,Two year,No,Bank transfer (automatic),73.25,4054.2,No
9889-TMAHG,Male,1,No,No,8,Yes,No,Fiber optic,Yes,No,No,Yes,Yes,Yes,Month-to-month,No,Credit card (automatic),100.3,832.35,Yes
8919-FYFQZ,Male,1,Yes,No,44,No,No phone service,DSL,No,Yes,No,No,No,No,Month-to-month,Yes,Electronic check,30.35,1359.7,Yes
6646-QVXLR,Male,1,Yes,No,62,Yes,Yes,Fiber optic,No,Yes,Yes,No,Yes,Yes,One year,Yes,Electronic check,103.75,6383.35,Yes
9369-XFEHK,Female,1,Yes,No,33,Yes,Yes,Fiber optic,No,Yes,No,No,No,No,Month-to-month,Yes,Bank transfer (automatic),80.6,2656.5,Yes
1374-DMZUI,Female,1,No,No,4,Yes,Yes,Fiber optic,No,No,No,No,Yes,Yes,Month-to-month,Yes,Electronic check,94.3,424.45,Yes
1989-PRJHP,Male,1,Yes,No,27,Yes,Yes,Fiber optic,No,No,No,No,No,No,Month-to-month,Yes,Electronic check,75.5,1893.95,Yes
2858-EIMXH,Female,1,Yes,No,53,Yes,Yes,Fiber optic,No,No,No,No,Yes,Yes,One year,Yes,Credit card (automatic),95.85,5016.25,No
6419-ZTTLE,Male,1,Yes,No,23,Yes,No,No,No internet service,No internet service,No internet service,No internet service,No internet service,No internet service,One year,Yes,Electronic check,20.75,485.2,No
8242-SOQUO,Female,1,No,No,5,Yes,No,Fiber optic,No,Yes,No,No,Yes,No,Month-to-month,Yes,Electronic check,84.7,392.5,No
7460-ITWWP,Female,1,Yes,No,45,Yes,No,Fiber optic,No,No,Yes,No,No,Yes,Month-to-month,Yes,Electronic check,86.1,3861.45,No
7868-TMWMZ,Female,1,Yes,No,60,Yes,No,Fiber optic,Yes,Yes,Yes,Yes,Yes,Yes,Two year,Yes,Bank transfer (automatic),110,6668.35,No
4822-RVYBB,Male,1,No,No,8,Yes,Yes,Fiber optic,No,No,Yes,No,Yes,Yes,Month-to-month,Yes,Electronic check,100.6,819.4,Yes
4184-TJFAN,Female,1,Yes,Yes,3,Yes,No,Fiber optic,Yes,No,No,Yes,Yes,No,Month-to-month,Yes,Mailed check,88.3,273.75,Yes
4145-UQXUQ,Female,1,No,No,8,Yes,No,Fiber optic,No,No,Yes,No,Yes,Yes,Month-to-month,Yes,Electronic check,92.1,729.95,Yes
1236-WFCDV,Male,1,No,No,14,Yes,No,Fiber optic,No,No,No,No,Yes,Yes,Month-to-month,No,Credit card (automatic),90.45,1266.1,Yes
1271-SJBGZ,Male,1,No,No,12,No,No phone service,DSL,No,No,Yes,Yes,No,Yes,Month-to-month,Yes,Electronic check,43.65,526.95,Yes
4829-ZLJTK,Female,1,Yes,No,72,Yes,Yes,Fiber optic,Yes,Yes,Yes,No,Yes,Yes,Two year,Yes,Electronic check,112.4,8046.85,No
8883-GRDWQ,Male,1,No,No,20,Yes,No,DSL,Yes,No,No,Yes,No,No,One year,No,Mailed check,54,1055.9,No
9845-PEEKO,Female,1,No,No,59,Yes,Yes,Fiber optic,No,Yes,No,No,No,No,Two year,Yes,Credit card (automatic),79.2,4590.35,No
1751-NCDLI,Male,1,Yes,No,46,Yes,Yes,Fiber optic,No,No,Yes,No,Yes,Yes,Month-to-month,Yes,Electronic check,98.85,4564.9,No
4441-NIHPT,Female,1,No,No,13,Yes,No,Fiber optic,No,No,Yes,No,No,No,Month-to-month,Yes,Electronic check,74.3,940.35,Yes
8999-BOHSE,Female,1,No,No,11,Yes,No,Fiber optic,No,No,No,No,Yes,Yes,Month-to-month,No,Bank transfer (automatic),89.7,1047.7,Yes
7029-RPUAV,Male,1,Yes,No,17,Yes,Yes,Fiber optic,No,No,Yes,No,Yes,Yes,Month-to-month,Yes,Credit card (automatic),100.45,1622.45,Yes
2176-LVPNX,Female,1,No,No,71,Yes,Yes,DSL,Yes,Yes,Yes,Yes,Yes,Yes,Two year,No,Mailed check,89.85,6293.45,No
8111-SLLHI,Male,1,Yes,No,39,Yes,Yes,Fiber optic,No,Yes,Yes,No,Yes,Yes,Month-to-month,Yes,Electronic check,105.65,4284.8,Yes
3452-ABWRL,Male,1,No,No,47,Yes,Yes,Fiber optic,No,No,No,No,Yes,No,Month-to-month,Yes,Credit card (automatic),86.05,3865.6,No
5293-WXJAK,Female,1,Yes,No,11,Yes,Yes,Fiber optic,No,No,Yes,Yes,Yes,Yes,Month-to-month,Yes,Bank transfer (automatic),104.05,1133.65,Yes
1779-PWPMG,Female,1,Yes,No,72,Yes,Yes,Fiber optic,Yes,Yes,Yes,Yes,Yes,Yes,Two year,Yes,Bank transfer (automatic),114.65,8333.95,No
3082-WQRVY,Male,1,Yes,No,14,Yes,No,No,No internet service,No internet service,No internet service,No internet service,No internet service,No internet service,One year,No,Mailed check,19.65,228.65,No
2460-NGXBJ,Male,1,Yes,Yes,11,Yes,Yes,Fiber optic,No,No,No,No,No,No,Month-to-month,Yes,Credit card (automatic),75.2,775.3,No
5268-DSMNQ,Female,1,Yes,No,62,Yes,Yes,Fiber optic,No,Yes,Yes,No,Yes,No,One year,Yes,Credit card (automatic),97.95,5936.55,No
4086-YQSNZ,Female,1,Yes,No,3,Yes,No,Fiber optic,No,No,No,No,Yes,No,Month-to-month,Yes,Electronic check,80.4,224.05,Yes
6242-MBHPK,Female,1,Yes,No,23,Yes,No,Fiber optic,Yes,No,No,No,Yes,Yes,Month-to-month,Yes,Electronic check,95.1,2326.05,No
4782-OSFXZ,Female,1,Yes,No,71,Yes,Yes,DSL,Yes,Yes,Yes,Yes,No,Yes,Two year,Yes,Bank transfer (automatic),82.7,5831.2,No
1282-IHQAC,Male,1,No,No,70,No,No phone service,DSL,No,Yes,Yes,No,Yes,No,One year,Yes,Credit card (automatic),44.05,3011.65,No
1641-RQDAY,Female,1,Yes,Yes,32,Yes,Yes,Fiber optic,No,Yes,No,No,Yes,Yes,Month-to-month,Yes,Electronic check,100.4,3217.65,No
5461-QKNTN,Male,1,Yes,No,43,Yes,Yes,Fiber optic,No,Yes,No,Yes,Yes,No,Month-to-month,Yes,Electronic check,94.3,3953.15,No
8399-YNDCH,Male,1,No,No,21,Yes,No,DSL,No,No,Yes,No,Yes,No,Month-to-month,Yes,Bank transfer (automatic),60.05,1236.15,Yes
8089-UZWLX,Female,1,No,No,71,Yes,Yes,Fiber optic,No,No,Yes,No,Yes,Yes,Two year,No,Bank transfer (automatic),104.05,7413.55,No
4468-KAZHE,Female,1,Yes,No,20,Yes,No,DSL,No,Yes,No,No,No,Yes,Month-to-month,Yes,Electronic check,60,1259.35,No
1543-LLLFT,Male,1,Yes,No,61,Yes,Yes,Fiber optic,No,Yes,Yes,Yes,Yes,No,One year,Yes,Mailed check,98.3,6066.55,No
